{
  "train_losses": [
    5.92588201581376,
    5.1917558142643525,
    5.022525888175708,
    4.91049026700593,
    4.841098527450591,
    4.789720928363446,
    4.748242222792969,
    4.713484652129596,
    4.682984956692741,
    4.655981746040686,
    4.632022585626943,
    4.610251643776597,
    4.590226614071135,
    4.5723131612810946,
    4.555247307155826,
    4.539188098031393,
    4.524693078617096,
    4.510959017567732,
    4.443206051682087,
    4.421839071174991,
    4.408133139913952,
    4.396642519827616,
    4.386783134444911,
    4.3782969280030555,
    4.339599541558725
  ],
  "val_losses": [
    5.090681260814217,
    4.930812397655066,
    4.836112034069932,
    4.783959180582823,
    4.755731587997805,
    4.738007952837658,
    4.728991047234577,
    4.724503275910149,
    4.712607691333402,
    4.706980801149517,
    4.705534147737676,
    4.696550684840255,
    4.705801952078503,
    4.704229767878468,
    4.697456529718074,
    4.701294569499273,
    4.702500751289422,
    4.697956824013646,
    4.700513628579585,
    4.696758345354956,
    4.705028018386554,
    4.706515199664734,
    4.7085563830858215,
    4.709114015099761,
    4.715048124910289
  ],
  "train_perplexities": [
    374.60870048713036,
    179.7839431793946,
    151.79423523337664,
    135.70593024198024,
    126.60835812183839,
    120.26780064754129,
    115.38129156682125,
    111.43981307716938,
    108.09224216272864,
    105.21246122951563,
    102.72161740952673,
    100.50943902911771,
    98.51675291497887,
    96.76769035877324,
    95.1302787253589,
    93.61476324583717,
    92.26760258219345,
    91.00905595620664,
    85.04717067512246,
    83.2492459510919,
    82.11602119870723,
    81.17785755955234,
    80.38142638982542,
    79.7021792036808,
    76.67682730651474
  ],
  "val_perplexities": [
    162.50052959558207,
    138.49197720820692,
    125.97859783480037,
    119.5768403949562,
    116.24866819303087,
    114.20647025460485,
    113.18131012495881,
    112.67451632483318,
    111.34212756940639,
    110.71737699456962,
    110.55732312254388,
    109.56858331540155,
    110.58693481847966,
    110.41320838758685,
    109.66788042246567,
    110.08959887867407,
    110.22246706361003,
    109.72276036436482,
    110.00365896744192,
    109.59133874642839,
    110.50138097450579,
    110.66583881850637,
    110.8919587916442,
    110.95381294227937,
    111.61418246697866
  ],
  "learning_rates": [
    0.000465,
    0.00093,
    0.001,
    0.001,
    0.001,
    0.001,
    0.001,
    0.001,
    0.001,
    0.001,
    0.001,
    0.001,
    0.001,
    0.001,
    0.001,
    0.001,
    0.001,
    0.0005,
    0.0005,
    0.0005,
    0.0005,
    0.0005,
    0.0005,
    0.00025,
    0.00025
  ],
  "epoch_times": [
    451.43896293640137,
    450.40665197372437,
    450.1339454650879,
    450.1021366119385,
    449.9421763420105,
    450.1171061992645,
    450.5367615222931,
    450.5000650882721,
    450.4056098461151,
    450.52364921569824,
    450.98814487457275,
    450.64525723457336,
    450.4847779273987,
    450.97573375701904,
    450.6605432033539,
    450.8140263557434,
    450.5777564048767,
    450.1966471672058,
    450.43818736076355,
    450.67646074295044,
    450.3208980560303,
    450.16129636764526,
    450.21700406074524,
    450.5429060459137,
    450.3356730937958
  ],
  "total_time": 11262.142377853394,
  "avg_epoch_time": 450.48569511413575,
  "best_val_loss": 4.696550684840255,
  "best_val_perplexity": 109.56858331540155
}