{
  "train_losses": [
    6.748231790864071,
    5.590290005203634,
    5.314611747125995,
    5.149464589718863,
    5.050324315899963,
    4.981239921323401,
    4.927399642855023,
    4.883339075291986,
    4.847040935734273,
    4.814818447275922,
    4.787056274981224,
    4.762871262201443,
    4.7408081085893,
    4.720847579744018,
    4.702821275561497,
    4.686388451334924,
    4.67083348282087,
    4.6571797113542726,
    4.643527145356176,
    4.63182959672488,
    4.620481391128577,
    4.609824246924504,
    4.5995887568545895,
    4.5904893592351375,
    4.581274234117667
  ],
  "val_losses": [
    5.951235571649336,
    5.584221280326556,
    5.405530608556227,
    5.305563646150942,
    5.249380556507524,
    5.212688827668908,
    5.182893211496709,
    5.157076853835324,
    5.141945688014131,
    5.125137652976214,
    5.112915773457777,
    5.105969461162504,
    5.09318143169937,
    5.087962763244378,
    5.084487397137196,
    5.075781488118357,
    5.067948602045661,
    5.062367991453686,
    5.0609426772361665,
    5.063529577819415,
    5.057885877842516,
    5.053009731932307,
    5.046769145939191,
    5.047481782679048,
    5.040697585856648
  ],
  "train_perplexities": [
    852.5499423675453,
    267.8132756963377,
    203.28557159778464,
    172.33919343470154,
    156.0730732585505,
    145.65487031417663,
    138.02014363232223,
    132.07092320373133,
    127.36295652327686,
    123.32442039311553,
    119.94775524018233,
    117.08161575937694,
    114.52671431653957,
    112.26336450843316,
    110.25780170213403,
    108.46076029880597,
    106.78671023921275,
    105.33857763508264,
    103.91020839084324,
    102.70179519016045,
    101.54290221808611,
    100.46649078989587,
    99.44341181033685,
    98.54264111623144,
    97.63872957447654
  ],
  "val_perplexities": [
    384.2277868539557,
    266.192912350465,
    222.63432082405853,
    201.45451948345783,
    190.4482599773142,
    183.58702902319874,
    178.19762932494123,
    173.65609081896216,
    171.04825129474682,
    168.19729291634974,
    166.15411702489638,
    165.00395794568726,
    162.90731699560845,
    162.05937221510007,
    161.49713412305763,
    160.09725720881636,
    158.8481321462738,
    157.96413150339572,
    157.7391433583957,
    158.1477270952489,
    157.2577026493392,
    156.49275765308565,
    155.51919211101105,
    155.63006030074288,
    154.57780871695505
  ],
  "learning_rates": [
    0.000465,
    0.00093,
    0.001,
    0.001,
    0.001,
    0.001,
    0.001,
    0.001,
    0.001,
    0.001,
    0.001,
    0.001,
    0.001,
    0.001,
    0.001,
    0.001,
    0.001,
    0.001,
    0.001,
    0.001,
    0.001,
    0.001,
    0.001,
    0.001,
    0.001
  ],
  "epoch_times": [
    1024.8775434494019,
    1027.169173002243,
    1038.4357888698578,
    1030.0896303653717,
    1032.7836763858795,
    1044.9682767391205,
    1024.94353556633,
    994.3756697177887,
    1023.7366700172424,
    1003.9827308654785,
    1020.5905799865723,
    1014.2470145225525,
    1007.6493921279907,
    1015.3115501403809,
    1001.9616618156433,
    1007.7514562606812,
    1004.4702661037445,
    994.2463071346283,
    1022.7468736171722,
    1011.8168077468872,
    1023.033529996872,
    831.6680688858032,
    988.7419815063477,
    983.0848014354706,
    988.1639361381531
  ],
  "total_time": 25160.846922397614,
  "avg_epoch_time": 1006.4338768959045,
  "best_val_loss": 5.040697585856648,
  "best_val_perplexity": 154.57780871695505
}