{
  "train_losses": [
    4.684960796442948,
    3.632805226241588,
    3.479776489053755,
    3.4046801836022675,
    3.356777316675588,
    3.321036993956523,
    3.2934437785161457,
    3.2707921028795197,
    3.2516808122841097,
    3.234956127907593,
    3.220703453409213,
    3.2079527375655905,
    3.1965643822561036,
    3.186326871535192,
    3.177062643926218,
    3.168372733400627,
    3.1610688184216937,
    3.1542817101391605,
    3.146755808890748,
    3.1414681763334085,
    3.134884113202839,
    3.1295141597553937,
    3.1245301410401716,
    3.1194676185669756,
    3.1148294297768473
  ],
  "val_losses": [
    3.9655610710615483,
    3.760259970318523,
    3.674331907649801,
    3.6213066735271644,
    3.5915771818904454,
    3.5612289748831056,
    3.5425025992379955,
    3.5283197389079053,
    3.51122064727892,
    3.5004429468760554,
    3.4921183602596586,
    3.4829333461696392,
    3.4762370121469517,
    3.468534692341873,
    3.464886372137892,
    3.4581839309112525,
    3.452725822580012,
    3.4498868247488246,
    3.4470101317657784,
    3.444444337420684,
    3.4407294812617035,
    3.437780719183069,
    3.433748970496175,
    3.4357558902105376,
    3.432298765685668
  ],
  "train_perplexities": [
    108.30602624347505,
    37.8187581254763,
    32.452467783404856,
    30.10466621825808,
    28.69656177118185,
    27.68904905239184,
    26.935463888898198,
    26.332188887325525,
    25.833725088287444,
    25.40525717260817,
    25.045732491799203,
    24.72840882486974,
    24.448390419879054,
    24.19937657664597,
    23.976223311390605,
    23.76877473629823,
    23.59580208420932,
    23.436197061417797,
    23.26048059843834,
    23.1378123221198,
    22.985971917015828,
    22.86286914178322,
    22.749203664820758,
    22.634326339890276,
    22.52958714902829
  ],
  "val_perplexities": [
    52.74985750690085,
    42.95959274619593,
    39.422310313270806,
    37.386387722384875,
    36.29126874472773,
    35.20643839697131,
    34.55328409986291,
    34.066678583407146,
    33.48912124976334,
    33.130123593824166,
    32.85547376955323,
    32.555077464090054,
    32.33780606407637,
    32.08968671392253,
    31.972826562789603,
    31.75924712327009,
    31.58637392145533,
    31.496827445667208,
    31.406350942121296,
    31.325871994839293,
    31.209716769880234,
    31.11782229464291,
    30.992615625981255,
    31.0548777739489,
    30.94770256015369
  ],
  "learning_rates": [
    0.0006969999999999999,
    0.001,
    0.001,
    0.001,
    0.001,
    0.001,
    0.001,
    0.001,
    0.001,
    0.001,
    0.001,
    0.001,
    0.001,
    0.001,
    0.001,
    0.001,
    0.001,
    0.001,
    0.001,
    0.001,
    0.001,
    0.001,
    0.001,
    0.001,
    0.001
  ],
  "epoch_times": [
    608.2224469184875,
    607.4415762424469,
    607.8627998828888,
    608.1061363220215,
    607.1595306396484,
    606.6690368652344,
    604.6995451450348,
    606.8534634113312,
    605.934919834137,
    604.9945805072784,
    604.6429953575134,
    605.327445268631,
    605.1410245895386,
    605.0207905769348,
    606.1600003242493,
    605.1030542850494,
    605.9833788871765,
    605.5601990222931,
    605.9564251899719,
    605.517796754837,
    606.3201584815979,
    606.49005818367,
    605.0295295715332,
    604.8195478916168,
    605.8055543899536
  ],
  "total_time": 15150.821994543076,
  "avg_epoch_time": 606.0328797817231,
  "best_val_loss": 3.432298765685668,
  "best_val_perplexity": 30.94770256015369
}